cluster,n_objects,total_cdm_events,mean_alt,mean_inc
2,2,14,781.8075494781924,74.037
0,2,8,873.4904365241637,82.5234
1,2,4,1479.3005773798022,74.0547
